公司,Data Field,2016/12/30,2017/3/31,2017/6/30,2017/9/30
1240 茂生農經,M負債比率％,0,44.59,0,41.55
1258 其祥-KY,M負債比率％,0,0,0,0
1259 安心,M負債比率％,0,0,0,0
1264 德麥,M負債比率％,0,0,0,0
1268 漢來美食,M負債比率％,0,0,0,0
1333 恩得利,M負債比率％,0,0,0,0
1336 台翰,M負債比率％,0,0,0,0
1565 精華,M負債比率％,0,0,0,0
1569 濱川,M負債比率％,0,0,0,0
1570 力肯,M負債比率％,0,0,0,0
1580 新麥,M負債比率％,0,0,0,0
1584 精剛,M負債比率％,43.31,55.32,56.81,56.33
1586 和勤,M負債比率％,0,0,0,0
1591 駿吉-KY,M負債比率％,0,0,0,0
1593 祺驊,M負債比率％,0,0,0,0
1595 川寶,M負債比率％,0,0,0,0
1597 直得,M負債比率％,0,0,0,0
1599 宏佳騰,M負債比率％,0,0,0,0
1742 台蠟,M負債比率％,0,0,0,0
1752 南光,M負債比率％,0,0,0,0
1777 生泰,M負債比率％,0,0,0,0
1781 合世,M負債比率％,0,0,0,0
1784 訊聯,M負債比率％,0,0,0,0
1785 光洋科,M負債比率％,0,0,0,0
1787 福盈科,M負債比率％,0,0,0,0
1788 杏昌,M負債比率％,0,0,0,0
1795 美時,M負債比率％,45.36,0,0,0
1796 金穎生技,M負債比率％,32.9,0,0,0
1799 易威,M負債比率％,0,0,0,0
1813 寶利徠,M負債比率％,0,0,0,0
1815 富喬,M負債比率％,0,0,0,0
2035 唐榮,M負債比率％,0,0,0,0
2061 風青,M負債比率％,0,0,0,0
2063 世鎧,M負債比率％,0,0,0,0
2064 晉椿,M負債比率％,53.21,0,0,0
2065 世豐,M負債比率％,0,0,0,0
2066 世德,M負債比率％,36.6,0,0,0
2067 嘉鋼,M負債比率％,0,0,0,0
2070 精湛,M負債比率％,45.75,0,0,0
2221 大甲,M負債比率％,0,0,0,0
2230 泰茂,M負債比率％,0,0,0,0
2235 謚源,M負債比率％,0,0,0,0
2596 綠意,M負債比率％,0,0,0,0
2640 大車隊,M負債比率％,0,0,0,0
2641 正德,M負債比率％,0,0,0,0
2643 捷迅,M負債比率％,0,0,0,0
2718 晶悅,M負債比率％,0,0,0,0
2719 燦星旅,M負債比率％,52.06,52.72,58.42,59.8
2724 富驛-KY,M負債比率％,0,0,0,0
2726 雅茗-KY,M負債比率％,0,0,0,0
2729 瓦城,M負債比率％,0,0,0,0
2732 六角,M負債比率％,0,0,0,0
2734 易飛網,M負債比率％,0,49.45,45.08,38.37
2736 高野,M負債比率％,38.67,0,0,0
2740 天蔥,M負債比率％,42.38,46.49,51.62,52.54
2745 五福,M負債比率％,0,0,0,0
2752 豆府,M負債比率％,31.47,0,33.77,0
2916 滿心,M負債比率％,0,0,0,0
2924 東凌-KY,M負債比率％,0,0,0,0
2926 誠品生活,M負債比率％,0,0,0,0
2928 紅馬-KY,M負債比率％,0,0,0,0
2937 集雅社,M負債比率％,0,0,0,0
3064 泰偉,M負債比率％,0,0,0,0
3066 李洲,M負債比率％,0,0,0,0
3067 全域,M負債比率％,0,0,0,0
3071 協禧,M負債比率％,0,0,0,0
3073 凱柏實業,M負債比率％,41.95,42.21,40.29,40.11
3078 僑威,M負債比率％,0,0,0,0
3081 聯亞,M負債比率％,0,0,0,0
3083 網龍,M負債比率％,0,0,0,0
3085 新零售,M負債比率％,0,0,0,0
3086 華義,M負債比率％,0,0,0,0
3088 艾訊,M負債比率％,0,0,0,0
3089 元炬,M負債比率％,0,0,0,0
3092 鴻碩,M負債比率％,0,0,0,0
3093 港建,M負債比率％,0,0,0,0
3095 及成,M負債比率％,0,0,0,0
3105 穩懋,M負債比率％,0,0,0,0
3114 好德,M負債比率％,0,0,0,0
3115 寶島極,M負債比率％,0,0,0,0
3118 進階,M負債比率％,0,0,0,0
3122 笙泉,M負債比率％,0,0,0,0
3128 昇銳,M負債比率％,0,0,0,0
3131 弘塑,M負債比率％,0,0,0,0
3141 晶宏,M負債比率％,0,0,0,0
3144 新揚科,M負債比率％,0,0,0,0
3147 大綜,M負債比率％,0,0,0,0
3152 璟德,M負債比率％,0,0,0,0
3162 精確,M負債比率％,0,0,0,0
3163 波若威,M負債比率％,0,0,0,0
3169 亞信,M負債比率％,0,0,0,0
3171 新洲,M負債比率％,0,0,0,0
3176 基亞,M負債比率％,0,0,0,0
3178 公準,M負債比率％,0,0,0,0
3188 鑫龍騰,M負債比率％,0,0,0,0
3191 和進,M負債比率％,41.21,34.93,34.78,37.14
3202 樺晟,M負債比率％,0,0,0,0
3205 佰研,M負債比率％,0,0,0,0
3206 志豐,M負債比率％,0,0,0,0
3207 耀勝,M負債比率％,0,0,0,0
3211 順達,M負債比率％,0,0,0,0
3213 茂訊,M負債比率％,26.23,26.01,35.92,27.39
3217 優群,M負債比率％,0,0,0,0
3218 大學光,M負債比率％,0,0,0,0
3219 倚強股份,M負債比率％,0,0,0,0
3221 台嘉碩,M負債比率％,0,0,0,0
3224 三顧,M負債比率％,0,0,0,0
3226 至寶電,M負債比率％,0,0,0,0
3227 原相,M負債比率％,0,0,0,0
3228 金麗科,M負債比率％,0,0,0,0
3230 錦明,M負債比率％,0,0,0,0
3232 昱捷,M負債比率％,0,0,0,0
3234 光環,M負債比率％,0,0,0,0
3236 千如,M負債比率％,0,0,0,0
3252 海灣,M負債比率％,0,0,0,0
3259 鑫創,M負債比率％,0,0,0,0
3260 威剛,M負債比率％,0,0,0,0
3264 欣銓,M負債比率％,0,0,0,0
3265 台星科,M負債比率％,0,0,0,0
3268 海德威,M負債比率％,0,0,0,0
3272 東碩,M負債比率％,0,0,0,0
3276 宇環,M負債比率％,0,0,0,0
3284 太普高,M負債比率％,0,0,0,0
3285 微端,M負債比率％,0,0,0,0
3287 廣寰科,M負債比率％,0,0,0,0
3288 點晶,M負債比率％,0,0,0,0
3289 宜特,M負債比率％,0,0,0,0
3290 東浦,M負債比率％,0,0,0,0
3293 鈊象,M負債比率％,0,0,0,0
3294 英濟,M負債比率％,0,0,0,0
3297 杭特,M負債比率％,0,0,0,0
3303 岱稜,M負債比率％,0,0,0,0
3306 鼎天,M負債比率％,0,0,0,0
3310 佳穎,M負債比率％,0,0,0,0
3313 斐成,M負債比率％,0,0,0,0
3317 尼克森,M負債比率％,0,0,0,0
3322 建舜電,M負債比率％,0,0,0,0
3323 加百裕,M負債比率％,0,0,0,0
3324 雙鴻,M負債比率％,0,0,0,0
3325 旭品,M負債比率％,0,0,0,0
3332 幸康,M負債比率％,0,0,0,0
3339 泰谷,M負債比率％,0,0,0,0
3354 律勝,M負債比率％,0,0,0,0
3360 尚立,M負債比率％,0,0,0,0
3362 先進光,M負債比率％,0,0,0,0
3363 上詮,M負債比率％,0,0,0,0
3372 典範,M負債比率％,12.07,10.69,11.9,14.78
3373 熱映,M負債比率％,0,0,0,0
3374 精材,M負債比率％,0,0,0,0
3379 彬台,M負債比率％,0,0,0,0
3388 崇越電,M負債比率％,0,0,0,0
3390 旭軟,M負債比率％,0,0,0,0
3402 漢科,M負債比率％,0,0,0,0
3426 台興,M負債比率％,0,0,0,0
3434 哲固,M負債比率％,45.66,0,0,0
3438 類比科,M負債比率％,0,0,0,0
3441 聯一光,M負債比率％,0,0,0,0
3444 利機,M負債比率％,0,0,0,0
3452 益通,M負債比率％,0,0,0,0
3455 由田,M負債比率％,0,0,0,0
3465 進泰電子,M負債比率％,0,0,0,0
3466 致振,M負債比率％,0,0,0,0
3479 安勤,M負債比率％,0,0,0,0
3483 力致,M負債比率％,0,0,0,0
3484 崧騰,M負債比率％,0,0,0,0
3489 森寶,M負債比率％,0,0,0,0
3490 單井,M負債比率％,0,0,0,0
3491 昇達科,M負債比率％,0,0,0,0
3492 長盛,M負債比率％,0,0,0,0
3498 陽程,M負債比率％,0,0,0,0
3499 環天科,M負債比率％,0,0,0,0
3508 位速,M負債比率％,0,0,0,0
3511 矽瑪,M負債比率％,0,0,0,0
3512 皇龍,M負債比率％,0,0,0,0
3516 亞帝歐,M負債比率％,0,0,0,0
3520 振維,M負債比率％,0,0,0,0
3521 鴻翊,M負債比率％,0,0,0,0
3522 御頂,M負債比率％,0,0,0,0
3523 迎輝,M負債比率％,0,0,0,0
3526 凡甲,M負債比率％,0,0,0,0
3527 聚積,M負債比率％,0,0,0,0
3529 力旺,M負債比率％,0,0,0,0
3531 先益,M負債比率％,0,0,0,0
3537 堡達,M負債比率％,0,0,0,0
3540 曜越,M負債比率％,0,0,0,0
3541 西柏,M負債比率％,0,0,0,0
3546 宇峻,M負債比率％,0,0,0,0
3548 兆利,M負債比率％,0,0,0,0
3551 世禾,M負債比率％,0,0,0,0
3552 同致,M負債比率％,0,0,0,0
3555 重鵬,M負債比率％,0,0,0,0
3556 禾瑞亞,M負債比率％,0,0,0,0
3558 神準,M負債比率％,0,0,0,0
3562 頂晶科,M負債比率％,0,0,0,0
3564 其陽,M負債比率％,0,0,0,0
3567 逸昌,M負債比率％,0,13.42,24.11,15.19
3570 大塚,M負債比率％,0,0,0,0
3577 泓格,M負債比率％,0,0,0,0
3580 友威科,M負債比率％,0,0,0,0
3581 博磊,M負債比率％,0,0,0,0
3587 閎康,M負債比率％,24.48,0,0,0
3594 磐儀,M負債比率％,0,0,0,0
3609 東林,M負債比率％,0,0,0,0
3611 鼎翰,M負債比率％,0,0,60.32,0
3615 安可,M負債比率％,0,0,0,0
3623 富晶通,M負債比率％,0,0,0,0
3624 光頡,M負債比率％,0,0,0,0
3625 西勝,M負債比率％,0,0,0,0
3628 盈正,M負債比率％,0,0,0,0
3629 地心引力,M負債比率％,42.11,40.76,45.21,42.38
3630 新鉅科,M負債比率％,0,0,0,0
3631 晟楠,M負債比率％,0,0,0,0
3632 研勤,M負債比率％,0,0,0,0
3642 駿熠電,M負債比率％,31.8,0,0,0
3646 艾恩特,M負債比率％,0,0,0,0
3652 精聯,M負債比率％,0,0,0,0
3663 鑫科,M負債比率％,0,0,0,0
3664 安瑞-KY,M負債比率％,0,0,0,0
3666 光耀,M負債比率％,0,0,0,0
3672 康聯訊,M負債比率％,0,0,0,0
3675 德微,M負債比率％,0,0,0,0
3680 家登,M負債比率％,0,0,0,0
3684 榮昌,M負債比率％,0,0,0,0
3685 元創精密,M負債比率％,0,0,0,0
3687 歐買尬,M負債比率％,0,0,0,0
3689 湧德,M負債比率％,0,0,0,0
3691 碩禾,M負債比率％,0,0,0,0
3693 營邦,M負債比率％,0,0,0,0
3707 漢磊,M負債比率％,0,0,0,0
3709 鑫聯大投控,M負債比率％,0,0,0,0
3710 連展投控,M負債比率％,0,0,0,0
4102 永日,M負債比率％,0,0,0,0
4105 東洋,M負債比率％,0,0,0,0
4107 邦特,M負債比率％,0,0,0,0
4109 加捷生醫,M負債比率％,0,0,0,0
4111 濟生,M負債比率％,0,0,0,0
4113 聯上,M負債比率％,0,0,0,0
4114 健喬,M負債比率％,0,0,0,0
4116 明基醫,M負債比率％,0,0,0,30.31
4120 友華,M負債比率％,0,0,0,0
4121 優盛,M負債比率％,0,0,0,0
4123 晟德,M負債比率％,0,0,0,0
4126 太醫,M負債比率％,0,0,0,0
4127 天良,M負債比率％,0,0,0,0
4128 中天,M負債比率％,0,0,0,0
4129 聯合,M負債比率％,0,0,0,0
4130 健亞,M負債比率％,0,0,0,0
4131 晶宇,M負債比率％,0,0,0,0
4138 曜亞,M負債比率％,0,0,0,0
4139 馬光-KY,M負債比率％,0,51.77,50.23,49.3
4147 中裕,M負債比率％,0,0,0,0
4152 台微體,M負債比率％,0,0,0,0
4153 鈺緯,M負債比率％,0,0,0,0
4154 康樂-KY,M負債比率％,0,0,0,0
4157 太景*-KY,M負債比率％,0,0,0,0
4160 創源,M負債比率％,0,0,0,0
4161 聿新科,M負債比率％,0,0,0,0
4162 智擎,M負債比率％,0,0,0,0
4163 鐿鈦,M負債比率％,0,0,0,0
4167 展旺,M負債比率％,0,0,0,0
4168 醣聯,M負債比率％,0,2.14,2.01,1.31
4171 瑞基,M負債比率％,0,0,0,0
4173 久裕,M負債比率％,0,0,0,0
4174 浩鼎,M負債比率％,0,0,0,0
4175 杏一,M負債比率％,0,0,0,0
4183 福永生技,M負債比率％,0,0,0,0
4188 安克,M負債比率％,0,0,0,0
4192 杏國,M負債比率％,0,0,0,0
4198 環瑞醫,M負債比率％,29.35,0,0,0
4205 中華食,M負債比率％,0,0,0,0
4207 環泰,M負債比率％,0,0,0,0
4303 信立,M負債比率％,0,0,0,0
4304 勝昱,M負債比率％,0,0,0,0
4305 世坤,M負債比率％,0,0,0,0
4401 東隆興,M負債比率％,0,0,0,0
4402 福大,M負債比率％,0,0,0,0
4406 新昕纖,M負債比率％,0,0,21.36,26.16
4413 飛寶企業,M負債比率％,0,0,0,0
4415 台原藥,M負債比率％,0,0,0,0
4416 三圓,M負債比率％,0,0,0,0
4417 金洲,M負債比率％,0,0,0,0
4419 元勝,M負債比率％,0,0,0,0
4420 光明,M負債比率％,0,0,0,0
4429 聚紡,M負債比率％,0,0,0,0
4430 耀億,M負債比率％,0,0,0,0
4432 銘旺實,M負債比率％,0,0,0,0
4433 興采,M負債比率％,41.59,0,0,0
4502 健信,M負債比率％,0,0,0,0
4503 金雨,M負債比率％,0,0,0,0
4506 崇友,M負債比率％,0,0,0,0
4510 高鋒,M負債比率％,0,0,0,0
4513 福裕,M負債比率％,0,0,0,0
4523 永彰,M負債比率％,0,0,0,0
4527 方土霖,M負債比率％,40.85,0,0,0
4528 江興鍛,M負債比率％,0,0,0,0
4529 淳紳,M負債比率％,8.87,9.28,8.34,15.71
4530 宏易,M負債比率％,0,0,0,0
4533 協易機,M負債比率％,0,0,0,0
4534 慶騰,M負債比率％,0,0,0,0
4535 至興,M負債比率％,0,0,0,0
4538 大詠城,M負債比率％,0,0,0,0
4541 晟田,M負債比率％,0,0,0,0
4542 科嶠,M負債比率％,0,0,0,0
4543 萬在,M負債比率％,0,0,0,0
4549 桓達,M負債比率％,0,0,0,0
4550 長佳,M負債比率％,0,0,0,0
4554 橙的,M負債比率％,0,0,0,0
4556 旭然,M負債比率％,0,0,0,0
4561 健椿,M負債比率％,0,0,0,0
4563 百德,M負債比率％,0,0,0,0
4568 科際精密,M負債比率％,0,0,0,0
4609 唐鋒,M負債比率％,0,0,0,0
4702 中美實,M負債比率％,21.58,21.12,20.7,19.58
4706 大恭,M負債比率％,0,0,0,0
4707 磐亞,M負債比率％,42.65,0,0,0
4711 永純,M負債比率％,0,0,0,0
4712 南璋,M負債比率％,0,0,0,0
4714 永捷,M負債比率％,0,0,0,0
4716 大立,M負債比率％,0,0,0,0
4721 美琪瑪,M負債比率％,0,0,0,0
4726 永昕,M負債比率％,0,0,0,0
4728 雙美,M負債比率％,0,0,0,0
4729 熒茂,M負債比率％,0,0,0,0
4735 豪展,M負債比率％,45.6,0,0,0
4736 泰博,M負債比率％,0,0,0,0
4741 泓瀚,M負債比率％,0,0,0,0
4743 合一,M負債比率％,1.23,1.04,0.81,0.99
4744 皇將,M負債比率％,0,0,0,0
4745 合富-KY,M負債比率％,0,0,0,0
4747 強生,M負債比率％,0,0,0,0
4754 國碳科,M負債比率％,0,37.63,46.48,39.31
4760 勤凱,M負債比率％,50.77,0,0,0
4767 誠泰科技,M負債比率％,0,0,43.7,0
4803 VHQ-KY,M負債比率％,0,0,0,0
4804 大略-KY,M負債比率％,0,0,0,0
4806 昇華,M負債比率％,0,0,0,0
4903 聯光通,M負債比率％,0,0,0,0
4905 台聯電,M負債比率％,0,0,0,0
4907 富宇,M負債比率％,0,0,0,0
4908 前鼎,M負債比率％,0,0,0,0
4909 新復興,M負債比率％,0,0,0,0
4911 德英,M負債比率％,0,0,0,0
4924 欣厚-KY,M負債比率％,0,0,0,0
4931 新盛力,M負債比率％,35.33,0,32.73,0
4933 友輝,M負債比率％,0,0,0,0
4939 亞電,M負債比率％,0,0,0,0
4944 兆遠,M負債比率％,0,0,0,0
4946 辣椒,M負債比率％,0,0,0,0
4947 昂寶-KY,M負債比率％,0,0,0,0
4950 牧東,M負債比率％,0,0,0,0
4953 緯軟,M負債比率％,0,0,0,0
4966 譜瑞-KY,M負債比率％,0,0,0,0
4971 IET-KY,M負債比率％,0,0,0,0
4972 湯石照明,M負債比率％,0,0,0,0
4973 廣穎,M負債比率％,0,0,0,0
4974 亞泰,M負債比率％,0,0,0,0
4979 華星光,M負債比率％,52.03,0,0,0
4987 科誠,M負債比率％,0,0,0,0
4991 環宇-KY,M負債比率％,0,0,0,0
4995 晶達,M負債比率％,0,0,0,0
5009 榮剛,M負債比率％,0,53.43,54.32,53.35
5011 久陽,M負債比率％,0,0,0,0
5013 強新,M負債比率％,0,0,0,0
5014 建錩,M負債比率％,68.76,0,0,0
5015 華祺,M負債比率％,0,0,0,0
5016 松和,M負債比率％,0,0,0,0
5102 富強,M負債比率％,0,0,0,0
5201 凱衛,M負債比率％,0,0,0,0
5202 力新,M負債比率％,0,0,0,0
5205 中茂,M負債比率％,0,0,0,0
5206 坤悅,M負債比率％,0,0,0,0
5209 新鼎,M負債比率％,0,0,0,0
5210 寶碩,M負債比率％,0,0,0,0
5211 蒙恬,M負債比率％,0,0,0,0
5212 凌網,M負債比率％,0,0,0,0
5213 亞昕,M負債比率％,70.3,0,0,0
5220 萬達光電,M負債比率％,0,0,0,0
5223 安力-KY,M負債比率％,46.11,0,0,0
5227 立凱-KY,M負債比率％,0,0,0,0
5230 雷笛克光學,M負債比率％,0,0,0,0
5245 智晶,M負債比率％,0,0,0,0
5251 天鉞電,M負債比率％,0,0,0,0
5263 智崴,M負債比率％,0,0,0,0
5272 笙科,M負債比率％,0,0,0,0
5274 信驊,M負債比率％,0,0,0,0
5276 達輝-KY,M負債比率％,0,0,0,0
5278 尚凡,M負債比率％,0,0,0,0
5281 大峽谷-KY,M負債比率％,0,0,0,0
5287 數字,M負債比率％,30.1,0,0,0
5289 宜鼎,M負債比率％,0,0,0,0
5291 邑昇,M負債比率％,0,0,0,0
5299 杰力,M負債比率％,0,0,0,0
5301 寶得利,M負債比率％,0,0,0,0
5302 太欣,M負債比率％,0,0,0,0
5304 鼎創達,M負債比率％,0,0,0,0
5306 桂盟,M負債比率％,0,0,0,0
5309 系統電,M負債比率％,0,29.04,0,0
5310 天剛,M負債比率％,41.21,40.98,42.48,42
5312 寶島科,M負債比率％,0,0,0,0
5314 世紀,M負債比率％,0,0,0,0
5315 光聯,M負債比率％,0,0,0,0
5321 友銓,M負債比率％,0,0,0,0
5324 士開,M負債比率％,0,0,0,0
5328 華容,M負債比率％,0,0,0,0
5340 建榮,M負債比率％,0,0,0,0
5344 立衛,M負債比率％,0,0,0,0
5345 天揚,M負債比率％,10.8,10.29,11.67,10.47
5347 世界,M負債比率％,0,0,0,0
5348 系通,M負債比率％,0,0,0,0
5349 先豐,M負債比率％,0,0,0,0
5351 鈺創,M負債比率％,0,0,0,0
5353 台林,M負債比率％,0,0,0,0
5355 佳總,M負債比率％,0,0,0,0
5356 協益,M負債比率％,0,0,0,0
5364 力麗店,M負債比率％,58.88,0,0,0
5371 中光電,M負債比率％,0,0,0,0
5381 合正,M負債比率％,0,0,0,0
5383 金利,M負債比率％,56.9,0,0,0
5386 青雲,M負債比率％,0,0,0,0
5392 應華,M負債比率％,0,0,0,0
5398 慕康生醫,M負債比率％,0,0,0,0
5403 中菲,M負債比率％,0,0,0,0
5410 國眾,M負債比率％,0,0,0,0
5425 台半,M負債比率％,0,0,0,0
5426 振發,M負債比率％,0,0,0,0
5432 達威,M負債比率％,0,0,0,0
5438 東友,M負債比率％,0,0,0,0
5439 高技,M負債比率％,0,0,0,0
5443 均豪,M負債比率％,0,0,0,0
5450 寶聯通,M負債比率％,0,0,0,0
5452 佶優,M負債比率％,0,0,0,0
5455 昇益,M負債比率％,0,0,0,0
5457 宣德,M負債比率％,0,0,0,0
5460 同協,M負債比率％,0,0,0,0
5464 霖宏,M負債比率％,0,0,0,0
5465 富驊,M負債比率％,0,0,0,0
5468 凱鈺,M負債比率％,0,0,0,0
5474 聰泰,M負債比率％,0,0,0,0
5475 德宏,M負債比率％,0,0,0,0
5478 智冠,M負債比率％,0,0,0,0
5481 新華,M負債比率％,0,0,0,0
5483 中美晶,M負債比率％,0,0,0,0
5487 通泰,M負債比率％,0,0,0,0
5488 松普,M負債比率％,0,0,0,0
5489 彩富,M負債比率％,0,0,0,0
5490 同亨,M負債比率％,0,0,0,0
5493 三聯,M負債比率％,0,0,0,0
5498 凱崴,M負債比率％,0,0,0,0
5508 永信建,M負債比率％,0,0,0,0
5511 德昌,M負債比率％,47.41,41.42,54.1,56.76
5512 力麒,M負債比率％,0,0,0,0
5514 三豐,M負債比率％,0,0,0,0
5516 雙喜,M負債比率％,0,0,0,0
5520 力泰,M負債比率％,0,0,0,0
5523 豐謙,M負債比率％,73.45,0,0,0
5529 志嘉,M負債比率％,0,0,0,0
5530 龍巖,M負債比率％,0,0,0,0
5536 聖暉,M負債比率％,0,0,0,0
5543 崇佑-KY,M負債比率％,0,0,0,0
5601 台聯櫃,M負債比率％,0,0,26.82,25.97
5603 陸海,M負債比率％,0,0,0,0
5604 中連貨,M負債比率％,0,0,0,0
5609 中菲行,M負債比率％,48.87,0,0,0
5701 劍湖山,M負債比率％,0,0,0,0
5703 亞都,M負債比率％,0,32.91,32.82,37.77
5704 老爺知,M負債比率％,0,0,0,0
5820 日盛金,M負債比率％,86.84,0,0,0
5864 致和證,M負債比率％,29.59,35.86,38.83,37.45
5878 台名,M負債比率％,0,0,0,0
5902 德記,M負債比率％,0,0,0,0
5903 全家,M負債比率％,0,0,0,0
5904 寶雅,M負債比率％,0,0,0,0
5905 南仁湖,M負債比率％,0,0,0,0
6015 宏遠證,M負債比率％,54.38,56.95,57.89,58.5
6016 康和證,M負債比率％,75.95,75.43,76.34,74.32
6020 大展證,M負債比率％,16.23,16.87,23.02,20.71
6021 大慶證,M負債比率％,38.8,45.2,43.5,46.13
6023 元大期,M負債比率％,88.45,86.73,87.97,87.55
6026 福邦證,M負債比率％,23.44,54.82,41.95,28.72
6101 寬魚國際,M負債比率％,0,0,0,0
6103 合邦,M負債比率％,0,0,0,0
6104 創惟,M負債比率％,0,0,0,0
6109 亞元,M負債比率％,0,0,0,0
6111 大宇資,M負債比率％,0,0,0,0
6113 亞矽,M負債比率％,0,0,0,0
6114 久威,M負債比率％,52.72,0,0,0
6118 建達,M負債比率％,0,0,0,55.87
6121 新普,M負債比率％,0,0,0,0
6122 擎邦,M負債比率％,0,0,0,0
6123 上奇,M負債比率％,0,0,0,0
6124 業強,M負債比率％,0,0,0,0
6125 廣運,M負債比率％,0,0,0,0
6126 信音,M負債比率％,0,0,0,0
6127 九豪,M負債比率％,0,0,0,0
6129 普誠,M負債比率％,0,0,19.09,19.02
6130 星寶國際,M負債比率％,0,0,0,0
6134 萬旭,M負債比率％,0,0,0,0
6138 茂達,M負債比率％,0,0,0,0
6140 訊達,M負債比率％,0,0,0,0
6143 振曜,M負債比率％,0,0,0,0
6144 得利影,M負債比率％,0,0,0,0
6146 耕興,M負債比率％,0,0,0,0
6147 頎邦,M負債比率％,0,0,30.4,0
6148 驊宏資,M負債比率％,0,0,0,0
6150 撼訊,M負債比率％,0,0,0,0
6151 晉倫,M負債比率％,0,0,0,0
6154 順發,M負債比率％,0,0,0,0
6156 松上,M負債比率％,0,0,0,0
6158 禾昌,M負債比率％,0,0,0,0
6160 欣技,M負債比率％,0,0,0,0
6161 捷波,M負債比率％,0,0,0,0
6163 華電網,M負債比率％,0,0,0,0
6167 久正,M負債比率％,0,0,0,0
6169 昱泉,M負債比率％,0,0,0,0
6170 統振,M負債比率％,0,0,0,0
6171 亞銳士,M負債比率％,0,0,0,0
6173 信昌電,M負債比率％,0,0,0,0
6174 安,M負債比率％,0,0,0,0
6175 立敦,M負債比率％,0,0,0,0
6179 亞通,M負債比率％,0,0,0,0
6180 橘子,M負債比率％,0,0,0,0
6182 合晶,M負債比率％,0,0,0,0
6185 幃翔,M負債比率％,0,0,25.15,0
6186 新潤,M負債比率％,0,0,0,0
6187 萬潤,M負債比率％,0,0,0,0
6188 廣明,M負債比率％,0,0,0,0
6190 萬泰科,M負債比率％,0,0,0,0
6194 育富,M負債比率％,0,0,0,0
6195 詩肯,M負債比率％,0,0,0,0
6198 凌泰,M負債比率％,8.78,6.91,24.12,30.32
6199 天品,M負債比率％,0,0,0,0
6203 海韻電,M負債比率％,0,0,0,0
6204 艾華,M負債比率％,0,0,0,0
6207 雷科,M負債比率％,0,0,0,0
6208 日揚,M負債比率％,0,0,0,0
6210 慶生,M負債比率％,0,0,0,0
6212 理銘,M負債比率％,0,0,0,0
6217 中探針,M負債比率％,0,0,0,0
6218 豪勉,M負債比率％,36.02,0,0,0
6219 富旺,M負債比率％,0,0,0,0
6220 岳豐,M負債比率％,0,0,0,0
6221 晉泰,M負債比率％,0,0,0,0
6222 上揚,M負債比率％,75.94,0,0,0
6223 旺矽,M負債比率％,0,0,0,0
6227 茂綸,M負債比率％,0,0,0,0
6228 全譜,M負債比率％,0,0,0,0
6229 研通,M負債比率％,0,0,0,0
6231 系微,M負債比率％,0,0,0,0
6233 旺玖,M負債比率％,0,0,0,0
6234 高僑,M負債比率％,0,0,0,0
6236 康呈,M負債比率％,0,0,0,0
6237 驊訊,M負債比率％,0,0,0,0
6238 勝麗,M負債比率％,0,0,0,0
6240 松崗,M負債比率％,0,0,0,0
6241 易通展,M負債比率％,0,0,0,0
6242 立康,M負債比率％,0,0,0,0
6244 茂迪,M負債比率％,0,0,0,0
6245 立端,M負債比率％,0,0,0,0
6246 臺龍,M負債比率％,0,0,0,0
6247 淇譽電,M負債比率％,0,0,0,0
6248 沛波,M負債比率％,52.22,0,0,0
6259 百徽,M負債比率％,0,0,0,0
6261 久元,M負債比率％,0,0,0,0
6263 普萊德,M負債比率％,0,0,0,0
6264 富裔,M負債比率％,0,0,0,0
6265 方土昶,M負債比率％,0,0,0,0
6266 泰詠,M負債比率％,0,0,0,0
6270 倍微,M負債比率％,0,0,0,0
6274 台燿,M負債比率％,0,0,0,0
6275 元山,M負債比率％,0,0,0,0
6276 安鈦克,M負債比率％,0,0,0,0
6279 胡連,M負債比率％,0,0,0,0
6284 佳邦,M負債比率％,0,0,0,0
6287 元隆,M負債比率％,76.44,0,0,0
6290 良維,M負債比率％,0,0,0,0
6291 沛亨,M負債比率％,0,0,0,0
6292 迅德,M負債比率％,0,0,0,0
6294 智基,M負債比率％,0,0,0,0
6404 通訊-KY,M負債比率％,0,0,0,0
6411 晶焱,M負債比率％,0,0,0,0
6417 韋僑,M負債比率％,0,0,0,0
6418 詠昇,M負債比率％,0,0,0,0
6419 京晨科,M負債比率％,0,0,0,0
6425 易發,M負債比率％,0,0,0,0
6426 統新,M負債比率％,0,0,0,0
6432 今展科,M負債比率％,0,0,0,0
6435 大中,M負債比率％,0,0,0,0
6438 迅得,M負債比率％,0,0,0,0
6441 廣錠,M負債比率％,0,0,0,0
6446 藥華藥,M負債比率％,0,0,0,0
6457 紘康,M負債比率％,0,0,0,0
6461 益得,M負債比率％,0,0,0,0
6462 神盾,M負債比率％,0,0,0,0
6465 威潤,M負債比率％,0,0,0,0
6469 大樹,M負債比率％,42.46,0,0,0
6470 宇智,M負債比率％,0,0,0,0
6472 保瑞,M負債比率％,36.41,35.75,29.43,31.65
6482 弘煜科,M負債比率％,0,0,0,0
6485 點序,M負債比率％,0,0,0,0
6486 互動,M負債比率％,0,0,0,0
6488 環球晶,M負債比率％,0,0,0,0
6492 生華科,M負債比率％,0,0,0,0
6494 九齊,M負債比率％,0,0,0,0
6496 科懋,M負債比率％,0,0,0,0
6497 亞獅康-KY　,M負債比率％,22.6,27.77,18.15,18.91
6499 益安,M負債比率％,0,0,0,0
6506 雙邦,M負債比率％,0,0,0,0
6508 惠光,M負債比率％,0,0,0,0
6509 聚和,M負債比率％,0,0,0,0
6510 精測,M負債比率％,0,0,0,0
6512 啟發電,M負債比率％,0,0,0,0
6514 芮特-KY,M負債比率％,0,0,0,0
6516 勤崴國際,M負債比率％,19.54,0,12.7,12.86
6523 達爾膚,M負債比率％,0,0,0,0
6530 創威,M負債比率％,0,0,0,0
6532 瑞耘,M負債比率％,0,0,0,0
6535 順藥,M負債比率％,0,0,0,0
6538 倉和,M負債比率％,0,0,0,0
6542 隆中,M負債比率％,0,0,0,0
6547 高端疫苗,M負債比率％,0,0,0,0
6548 長科*,M負債比率％,0,0,0,0
6556 勝品,M負債比率％,0,0,0,0
6560 欣普羅,M負債比率％,0,0,0,0
6561 是方,M負債比率％,0,0,0,0
6568 宏觀,M負債比率％,0,0,0,0
6569 醫揚,M負債比率％,0,0,0,0
6570 維田,M負債比率％,0,0,0,0
6574 霈方,M負債比率％,0,0,0,0
6576 逸達,M負債比率％,0,0,0,0
6577 勁豐,M負債比率％,35.77,23.75,36.23,33.33
6578 達邦蛋白,M負債比率％,0,0,0,0
6589 台康生技,M負債比率％,11.28,0,14.4,25.45
6590 普鴻,M負債比率％,29.77,29.11,40.24,42.17
6593 台灣銘板,M負債比率％,0,0,0,0
6594 展匯科,M負債比率％,0,0,0,0
6596 寬宏藝術,M負債比率％,0,0,0,0
6603 富強鑫,M負債比率％,0,0,0,0
6609 瀧澤科,M負債比率％,0,0,0,0
6612 奈米醫材,M負債比率％,0,0,0,0
6613 朋億,M負債比率％,0,0,0,0
6615 慧智,M負債比率％,0,0,0,0
6616 特昇-KY,M負債比率％,0,0,0,0
6624 萬年清,M負債比率％,36.96,0,58.31,52.91
6629 泰金-KY,M負債比率％,56.1,52.39,51.31,49.65
6640 均華,M負債比率％,0,0,0,0
6642 富致,M負債比率％,21.33,0,21.41,0
6643 M31,M負債比率％,0,0,0,0
6649 台生材,M負債比率％,3.37,0,1.22,1.42
6654 天正國際,M負債比率％,0,0,0,0
6662 樂斯科,M負債比率％,19.61,0,30.48,26.16
6664 群翊,M負債比率％,0,0,0,0
6667 信紘科,M負債比率％,0,0,0,0
6679 鈺太,M負債比率％,27.27,0,28.95,26.51
6680 鑫創電子,M負債比率％,34.76,0,41.13,0
6683 雍智科技,M負債比率％,17.64,0,20.05,13.51
6803 崑鼎,M負債比率％,0,0,0,0
7402 邑錡,M負債比率％,0,0,0,0
8024 佑華,M負債比率％,0,0,0,0
8027 鈦昇,M負債比率％,0,0,0,0
8032 光菱,M負債比率％,0,0,0,0
8034 榮群,M負債比率％,0,0,0,0
8038 長園科,M負債比率％,36,0,38.46,0
8040 九暘,M負債比率％,0,0,0,0
8042 金山電,M負債比率％,36.66,0,0,0
8043 蜜望實,M負債比率％,0,0,0,0
8044 網家,M負債比率％,0,0,0,0
8047 星雲,M負債比率％,0,0,0,0
8048 德勝,M負債比率％,0,0,0,0
8049 晶采,M負債比率％,0,0,0,0
8050 廣積,M負債比率％,0,0,0,0
8054 安國,M負債比率％,0,0,0,0
8059 凱碩,M負債比率％,0,0,0,0
8064 東捷,M負債比率％,0,0,0,0
8066 來思達,M負債比率％,0,0,0,0
8067 志旭,M負債比率％,0,0,0,0
8068 全達,M負債比率％,0,0,0,0
8069 元太,M負債比率％,0,0,0,0
8071 能率網通,M負債比率％,0,0,0,0
8074 鉅橡,M負債比率％,0,0,0,0
8076 伍豐,M負債比率％,0,0,0,0
8077 洛,M負債比率％,70.81,0,0,0
8080 永利聯合,M負債比率％,0,0,0,0
8083 瑞穎,M負債比率％,0,0,0,0
8084 巨虹,M負債比率％,41.95,0,0,0
8085 福華,M負債比率％,0,0,0,0
8086 宏捷科,M負債比率％,0,0,0,0
8087 華鎂鑫,M負債比率％,0,0,0,0
8088 品安,M負債比率％,0,0,0,0
8091 翔名,M負債比率％,22.99,0,0,0
8092 建暐,M負債比率％,0,0,0,0
8093 保銳,M負債比率％,0,0,0,0
8096 擎亞,M負債比率％,0,0,0,0
8097 常珵,M負債比率％,0,0,0,0
8099 大世科,M負債比率％,0,0,0,0
8107 大億金茂,M負債比率％,0,0,0,0
8109 博大,M負債比率％,0,0,0,0
8111 立,M負債比率％,0,0,0,0
8121 越峰,M負債比率％,0,0,0,0
8147 正淩,M負債比率％,0,0,0,0
8155 博智,M負債比率％,0,0,0,0
8171 天宇,M負債比率％,0,0,0,0
8176 智捷,M負債比率％,0,0,0,0
8182 加高,M負債比率％,0,0,0,0
8183 精星,M負債比率％,0,0,0,0
8234 新漢,M負債比率％,0,0,0,0
8240 華宏,M負債比率％,0,0,0,0
8255 朋程,M負債比率％,0,0,0,0
8277 商丞,M負債比率％,0,0,0,0
8279 生展,M負債比率％,39.37,34.18,36.05,34.06
8287 英格爾,M負債比率％,0,0,0,0
8289 泰藝,M負債比率％,0,0,0,0
8291 尚茂,M負債比率％,0,0,0,0
8299 群聯,M負債比率％,0,0,0,0
8342 益張,M負債比率％,0,0,0,0
8349 耀,M負債比率％,0,0,0,0
8354 冠好,M負債比率％,0,0,0,0
8358 金居,M負債比率％,0,0,0,0
8383 千附,M負債比率％,0,0,0,0
8390 金益鼎,M負債比率％,0,0,0,0
8401 白紗科,M負債比率％,0,0,0,0
8403 盛弘,M負債比率％,0,0,0,0
8406 金可-KY,M負債比率％,0,0,0,0
8409 商之器,M負債比率％,18.04,0,0,0
8410 森田,M負債比率％,0,0,0,0
8415 大國鋼,M負債比率％,0,0,0,0
8416 實威,M負債比率％,0,0,0,0
8418 捷必勝-KY,M負債比率％,0,0,0,0
8420 明揚,M負債比率％,0,0,0,0
8421 旭源,M負債比率％,0,0,0,0
8423 保綠-KY,M負債比率％,0,0,0,0
8424 惠普,M負債比率％,0,0,0,0
8426 紅木-KY,M負債比率％,36.46,0,0,0
8431 匯鑽科,M負債比率％,0,0,0,0
8432 東生華,M負債比率％,0,0,0,0
8433 弘帆,M負債比率％,0,0,0,0
8435 鉅邁,M負債比率％,0,0,0,0
8436 大江,M負債比率％,0,0,0,0
8437 大地-KY,M負債比率％,0,0,0,0
8440 綠電,M負債比率％,0,0,0,0
8444 綠河-KY,M負債比率％,0,0,0,0
8446 華研,M負債比率％,0,0,0,0
8450 霹靂,M負債比率％,0,0,0,0
8455 大拓-KY,M負債比率％,0,0,0,0
8472 夠麻吉,M負債比率％,0,0,0,0
8476 台境,M負債比率％,0,0,0,0
8477 創業家,M負債比率％,0,0,0,0
8489 三貝德,M負債比率％,25.83,23.62,16.77,23.07
8905 裕國,M負債比率％,0,0,0,0
8906 花王,M負債比率％,0,0,0,0
8908 欣雄,M負債比率％,0,0,0,0
8913 全銓,M負債比率％,0,0,0,0
8916 光隆,M負債比率％,0,0,0,0
8917 欣泰,M負債比率％,0,0,0,0
8921 沈氏,M負債比率％,0,0,0,0
8923 時報,M負債比率％,0,0,0,0
8924 大田,M負債比率％,0,0,0,0
8927 北基,M負債比率％,0,0,0,0
8928 鉅明,M負債比率％,0,0,0,0
8929 富堡,M負債比率％,0,0,0,0
8930 青鋼,M負債比率％,0,0,0,0
8931 大汽電,M負債比率％,0,0,0,0
8932 宏大,M負債比率％,0,0,0,0
8933 愛地雅,M負債比率％,57.76,56.23,56.98,59.45
8934 衡平,M負債比率％,0,0,0,0
8935 邦泰,M負債比率％,0,0,0,0
8936 國統,M負債比率％,56.51,0,0,0
8937 合騏,M負債比率％,0,0,0,0
8938 明安,M負債比率％,0,0,0,0
8941 關中,M負債比率％,52.84,52.34,56.95,40.49
8942 森鉅,M負債比率％,0,0,0,0
911613 特藝-DR,M負債比率％,0,0,0,0
9949 琉園,M負債比率％,0,0,0,0
9950 萬國通,M負債比率％,0,0,0,0
9951 皇田,M負債比率％,0,0,0,0
9960 邁達康,M負債比率％,0,0,0,0
9962 有益,M負債比率％,0,0,0,0